{
  "nodeLayouts": {
    "inputs": {
      "x": 111.68788648029556,
      "y": 40.51662326676092,
      "index": -1
    },
    "outputs": {
      "x": 111.13161107224715,
      "y": 849.1202062319857,
      "index": -1
    },
    "chat": {
      "x": 32.00117674345654,
      "y": 701.0878033416896,
      "index": 2
    },
    "Summary": {
      "x": 147.67046132154744,
      "y": 175.4560252644876,
      "index": 0
    },
    "seach_from_ai_search": {
      "x": 159.759129182082,
      "y": 374.64098508801715,
      "index": 1
    },
    "Embedding_inputs": {
      "x": 295.2727944786481,
      "y": 277.46964880981506,
      "index": 3
    },
    "context": {
      "x": 611.3385169671337,
      "y": 87.69645860407822,
      "index": 4
    }
  },
  "orientation": "Vertical"
}